tasiilaq,"{'coord': {'lon': -37.64, 'lat': 65.61}, 'weather': [{'id': 800, 'main': 'Clear', 'description': 'clear sky', 'icon': '01n'}], 'base': 'stations', 'main': {'temp': 21.2, 'pressure': 987, 'humidity': 67, 'temp_min': 21.2, 'temp_max': 21.2}, 'wind': {'speed': 4.7, 'deg': 230}, 'clouds': {'all': 0}, 'dt': 1548107400, 'sys': {'type': 1, 'id': 81, 'message': 0.0035, 'country': 'GL', 'sunrise': 1548071819, 'sunset': 1548091678}, 'id': 3424607, 'name': 'Tasiilaq', 'cod': 200}"
barrow,"{'coord': {'lon': -60.23, 'lat': -38.31}, 'weather': [{'id': 800, 'main': 'Clear', 'description': 'clear sky', 'icon': '01d'}], 'base': 'stations', 'main': {'temp': 70.64, 'pressure': 1010.66, 'humidity': 53, 'temp_min': 70.64, 'temp_max': 70.64, 'sea_level': 1022.33, 'grnd_level': 1010.66}, 'wind': {'speed': 12.44, 'deg': 113.503}, 'clouds': {'all': 0}, 'dt': 1548111852, 'sys': {'message': 0.0164, 'country': 'AR', 'sunrise': 1548061313, 'sunset': 1548112951}, 'id': 3833859, 'name': 'Barrow', 'cod': 200}"
rocha,"{'coord': {'lon': -54.34, 'lat': -34.48}, 'weather': [{'id': 800, 'main': 'Clear', 'description': 'clear sky', 'icon': '01n'}], 'base': 'stations', 'main': {'temp': 72.89, 'pressure': 1010.01, 'humidity': 63, 'temp_min': 72.89, 'temp_max': 72.89, 'sea_level': 1026.87, 'grnd_level': 1010.01}, 'wind': {'speed': 5.06, 'deg': 324.503}, 'clouds': {'all': 0}, 'dt': 1548111853, 'sys': {'message': 0.0039, 'country': 'UY', 'sunrise': 1548060443, 'sunset': 1548110998}, 'id': 3440777, 'name': 'Rocha', 'cod': 200}"
mataura,"{'coord': {'lon': 168.86, 'lat': -46.19}, 'weather': [{'id': 801, 'main': 'Clouds', 'description': 'few clouds', 'icon': '02n'}], 'base': 'stations', 'main': {'temp': 70.68, 'pressure': 1000.12, 'humidity': 65, 'temp_min': 70.68, 'temp_max': 70.68, 'sea_level': 1014.91, 'grnd_level': 1000.12}, 'wind': {'speed': 24.85, 'deg': 291.503}, 'clouds': {'all': 12}, 'dt': 1548111853, 'sys': {'message': 0.004, 'country': 'NZ', 'sunrise': 1548004909, 'sunset': 1548059358}, 'id': 6201424, 'name': 'Mataura', 'cod': 200}"
kadoma,"{'coord': {'lon': 29.91, 'lat': -18.34}, 'weather': [{'id': 803, 'main': 'Clouds', 'description': 'broken clouds', 'icon': '04n'}], 'base': 'stations', 'main': {'temp': 65.78, 'pressure': 898.31, 'humidity': 68, 'temp_min': 65.78, 'temp_max': 65.78, 'sea_level': 1024.96, 'grnd_level': 898.31}, 'wind': {'speed': 7.63, 'deg': 160.003}, 'clouds': {'all': 80}, 'dt': 1548111853, 'sys': {'message': 0.0032, 'country': 'ZW', 'sunrise': 1548042038, 'sunset': 1548088970}, 'id': 889453, 'name': 'Kadoma', 'cod': 200}"
verkhnevilyuysk,"{'coord': {'lon': 120.31, 'lat': 63.45}, 'weather': [{'id': 802, 'main': 'Clouds', 'description': 'scattered clouds', 'icon': '03n'}], 'base': 'stations', 'main': {'temp': -10.5, 'pressure': 1015.68, 'humidity': 71, 'temp_min': -10.5, 'temp_max': -10.5, 'sea_level': 1034.81, 'grnd_level': 1015.68}, 'wind': {'speed': 3.94, 'deg': 62.003}, 'clouds': {'all': 48}, 'dt': 1548111854, 'sys': {'message': 0.003, 'country': 'RU', 'sunrise': 1548032593, 'sunset': 1548055070}, 'id': 2013639, 'name': 'Verkhnevilyuysk', 'cod': 200}"
torbay,"{'coord': {'lon': -52.73, 'lat': 47.66}, 'weather': [{'id': 500, 'main': 'Rain', 'description': 'light rain', 'icon': '10n'}], 'base': 'stations', 'main': {'temp': 46.4, 'pressure': 1001, 'humidity': 100, 'temp_min': 46.4, 'temp_max': 46.4}, 'visibility': 19312, 'wind': {'speed': 31.09, 'deg': 200, 'gust': 18.5}, 'clouds': {'all': 90}, 'dt': 1548108000, 'sys': {'type': 1, 'id': 998, 'message': 0.0043, 'country': 'CA', 'sunrise': 1548068954, 'sunset': 1548101768}, 'id': 6167817, 'name': 'Torbay', 'cod': 200}"
ancud,"{'coord': {'lon': -73.83, 'lat': -41.87}, 'weather': [{'id': 804, 'main': 'Clouds', 'description': 'overcast clouds', 'icon': '04d'}], 'base': 'stations', 'main': {'temp': 59, 'pressure': 1016, 'humidity': 54, 'temp_min': 59, 'temp_max': 59}, 'wind': {'speed': 11.41, 'deg': 310}, 'clouds': {'all': 90}, 'dt': 1548108000, 'sys': {'type': 1, 'id': 8512, 'message': 0.0032, 'country': 'CL', 'sunrise': 1548064011, 'sunset': 1548116777}, 'id': 3899695, 'name': 'Ancud', 'cod': 200}"
acapulco,"{'coord': {'lon': -99.88, 'lat': 16.86}, 'weather': [{'id': 801, 'main': 'Clouds', 'description': 'few clouds', 'icon': '02d'}], 'base': 'stations', 'main': {'temp': 84.2, 'pressure': 1012, 'humidity': 74, 'temp_min': 84.2, 'temp_max': 84.2}, 'visibility': 12874, 'wind': {'speed': 4.7, 'deg': 200}, 'clouds': {'all': 20}, 'dt': 1548106860, 'sys': {'type': 1, 'id': 7103, 'message': 0.0037, 'country': 'MX', 'sunrise': 1548076331, 'sunset': 1548117008}, 'id': 3533462, 'name': 'Acapulco', 'cod': 200}"
rikitea,"{'coord': {'lon': -134.97, 'lat': -23.12}, 'weather': [{'id': 801, 'main': 'Clouds', 'description': 'few clouds', 'icon': '02d'}], 'base': 'stations', 'main': {'temp': 80.13, 'pressure': 1030.03, 'humidity': 100, 'temp_min': 80.13, 'temp_max': 80.13, 'sea_level': 1030.07, 'grnd_level': 1030.03}, 'wind': {'speed': 17.69, 'deg': 64.003}, 'clouds': {'all': 24}, 'dt': 1548111855, 'sys': {'message': 0.0036, 'country': 'PF', 'sunrise': 1548081144, 'sunset': 1548129017}, 'id': 4030556, 'name': 'Rikitea', 'cod': 200}"
luderitz,"{'coord': {'lon': 15.16, 'lat': -26.65}, 'weather': [{'id': 801, 'main': 'Clouds', 'description': 'few clouds', 'icon': '02n'}], 'base': 'stations', 'main': {'temp': 58.71, 'pressure': 1012.28, 'humidity': 90, 'temp_min': 58.71, 'temp_max': 58.71, 'sea_level': 1026.87, 'grnd_level': 1012.28}, 'wind': {'speed': 12.44, 'deg': 174.503}, 'clouds': {'all': 12}, 'dt': 1548111855, 'sys': {'message': 0.0043, 'country': 'NA', 'sunrise': 1548044712, 'sunset': 1548093371}, 'id': 3355672, 'name': 'Luderitz', 'cod': 200}"
castro,"{'coord': {'lon': -73.76, 'lat': -42.48}, 'weather': [{'id': 804, 'main': 'Clouds', 'description': 'overcast clouds', 'icon': '04d'}], 'base': 'stations', 'main': {'temp': 59, 'pressure': 1016, 'humidity': 54, 'temp_min': 59, 'temp_max': 59}, 'wind': {'speed': 11.41, 'deg': 310}, 'clouds': {'all': 90}, 'dt': 1548108000, 'sys': {'type': 1, 'id': 8512, 'message': 0.0033, 'country': 'CL', 'sunrise': 1548063889, 'sunset': 1548116864}, 'id': 3896218, 'name': 'Castro', 'cod': 200}"
jamestown,"{'coord': {'lon': 138.6, 'lat': -33.21}, 'weather': [{'id': 802, 'main': 'Clouds', 'description': 'scattered clouds', 'icon': '03n'}], 'base': 'stations', 'main': {'temp': 81.62, 'pressure': 970.21, 'humidity': 80, 'temp_min': 81.62, 'temp_max': 81.62, 'sea_level': 1027.15, 'grnd_level': 970.21}, 'wind': {'speed': 4.38, 'deg': 60.003}, 'clouds': {'all': 36}, 'dt': 1548111856, 'sys': {'message': 0.0032, 'country': 'AU', 'sunrise': 1548014274, 'sunset': 1548064540}, 'id': 2069194, 'name': 'Jamestown', 'cod': 200}"
yenagoa,"{'coord': {'lon': 6.26, 'lat': 4.92}, 'weather': [{'id': 800, 'main': 'Clear', 'description': 'clear sky', 'icon': '01n'}], 'base': 'stations', 'main': {'temp': 76.22, 'pressure': 1008.88, 'humidity': 92, 'temp_min': 76.22, 'temp_max': 76.22, 'sea_level': 1025.13, 'grnd_level': 1008.88}, 'wind': {'speed': 5.39, 'deg': 216.503}, 'clouds': {'all': 0}, 'dt': 1548111856, 'sys': {'message': 0.0033, 'country': 'NG', 'sunrise': 1548049794, 'sunset': 1548092582}, 'id': 2318123, 'name': 'Yenagoa', 'cod': 200}"
bambous virieux,"{'coord': {'lon': 57.76, 'lat': -20.34}, 'weather': [{'id': 801, 'main': 'Clouds', 'description': 'few clouds', 'icon': '02n'}], 'base': 'stations', 'main': {'temp': 75.2, 'pressure': 1016, 'humidity': 88, 'temp_min': 75.2, 'temp_max': 75.2}, 'visibility': 10000, 'wind': {'speed': 3.36, 'deg': 330}, 'clouds': {'all': 20}, 'dt': 1548108000, 'sys': {'type': 1, 'id': 2061, 'message': 0.0042, 'country': 'MU', 'sunrise': 1548035152, 'sunset': 1548082484}, 'id': 1106677, 'name': 'Bambous Virieux', 'cod': 200}"
punta arenas,"{'coord': {'lon': -70.91, 'lat': -53.16}, 'weather': [{'id': 800, 'main': 'Clear', 'description': 'clear sky', 'icon': '01d'}], 'base': 'stations', 'main': {'temp': 57.2, 'pressure': 984, 'humidity': 41, 'temp_min': 57.2, 'temp_max': 57.2}, 'visibility': 10000, 'wind': {'speed': 33.33, 'deg': 280}, 'clouds': {'all': 0}, 'dt': 1548108000, 'sys': {'type': 1, 'id': 8487, 'message': 0.0041, 'country': 'CL', 'sunrise': 1548060841, 'sunset': 1548118516}, 'id': 3874787, 'name': 'Punta Arenas', 'cod': 200}"
fortuna,"{'coord': {'lon': -1.13, 'lat': 38.18}, 'weather': [{'id': 800, 'main': 'Clear', 'description': 'clear sky', 'icon': '01n'}], 'base': 'stations', 'main': {'temp': 47.3, 'pressure': 1019, 'humidity': 52, 'temp_min': 46.4, 'temp_max': 48.2}, 'visibility': 10000, 'wind': {'speed': 8.05, 'deg': 310}, 'clouds': {'all': 0}, 'dt': 1548109800, 'sys': {'type': 1, 'id': 6391, 'message': 0.0041, 'country': 'ES', 'sunrise': 1548055008, 'sunset': 1548090934}, 'id': 2517679, 'name': 'Fortuna', 'cod': 200}"
ixtapa,"{'coord': {'lon': -105.21, 'lat': 20.71}, 'weather': [{'id': 801, 'main': 'Clouds', 'description': 'few clouds', 'icon': '02d'}], 'base': 'stations', 'main': {'temp': 78.8, 'pressure': 1012, 'humidity': 83, 'temp_min': 78.8, 'temp_max': 78.8}, 'visibility': 24140, 'wind': {'speed': 11.41, 'deg': 230}, 'clouds': {'all': 20}, 'dt': 1548107160, 'sys': {'type': 1, 'id': 7156, 'message': 0.0031, 'country': 'MX', 'sunrise': 1548077976, 'sunset': 1548117924}, 'id': 4004293, 'name': 'Ixtapa', 'cod': 200}"
aguimes,"{'coord': {'lon': -15.45, 'lat': 27.91}, 'weather': [{'id': 802, 'main': 'Clouds', 'description': 'scattered clouds', 'icon': '03n'}], 'base': 'stations', 'main': {'temp': 62.6, 'pressure': 1024, 'humidity': 67, 'temp_min': 62.6, 'temp_max': 62.6}, 'visibility': 10000, 'wind': {'speed': 17.22, 'deg': 10}, 'clouds': {'all': 40}, 'dt': 1548109800, 'sys': {'type': 1, 'id': 2378, 'message': 0.0034, 'country': 'ES', 'sunrise': 1548057178, 'sunset': 1548095634}, 'id': 2522325, 'name': 'Aguimes', 'cod': 200}"
georgetown,"{'coord': {'lon': -58.16, 'lat': 6.8}, 'weather': [{'id': 801, 'main': 'Clouds', 'description': 'few clouds', 'icon': '02n'}], 'base': 'stations', 'main': {'temp': 78.8, 'pressure': 1013, 'humidity': 78, 'temp_min': 78.8, 'temp_max': 78.8}, 'visibility': 10000, 'wind': {'speed': 6.93, 'deg': 50}, 'clouds': {'all': 20}, 'dt': 1548108000, 'sys': {'type': 1, 'id': 8767, 'message': 0.0033, 'country': 'GY', 'sunrise': 1548065420, 'sunset': 1548107885}, 'id': 3378644, 'name': 'Georgetown', 'cod': 200}"
abu kamal,"{'coord': {'lon': 40.92, 'lat': 34.45}, 'weather': [{'id': 801, 'main': 'Clouds', 'description': 'few clouds', 'icon': '02n'}], 'base': 'stations', 'main': {'temp': 33.15, 'pressure': 994.85, 'humidity': 82, 'temp_min': 33.15, 'temp_max': 33.15, 'sea_level': 1034.29, 'grnd_level': 994.85}, 'wind': {'speed': 7.74, 'deg': 146.003}, 'clouds': {'all': 20}, 'dt': 1548111858, 'sys': {'message': 0.0033, 'country': 'SY', 'sunrise': 1548044422, 'sunset': 1548081331}, 'id': 174448, 'name': 'Abu Kamal', 'cod': 200}"
rio gallegos,"{'coord': {'lon': -69.22, 'lat': -51.62}, 'weather': [{'id': 802, 'main': 'Clouds', 'description': 'scattered clouds', 'icon': '03d'}], 'base': 'stations', 'main': {'temp': 64.4, 'pressure': 986, 'humidity': 20, 'temp_min': 64.4, 'temp_max': 64.4}, 'visibility': 10000, 'wind': {'speed': 23.04, 'deg': 250}, 'clouds': {'all': 40}, 'dt': 1548108000, 'sys': {'type': 1, 'id': 8293, 'message': 0.0033, 'country': 'AR', 'sunrise': 1548060858, 'sunset': 1548117694}, 'id': 3838859, 'name': 'Rio Gallegos', 'cod': 200}"
kangaatsiaq,"{'coord': {'lon': -53.46, 'lat': 68.31}, 'weather': [{'id': 801, 'main': 'Clouds', 'description': 'few clouds', 'icon': '02n'}], 'base': 'stations', 'main': {'temp': 1.79, 'pressure': 1026.62, 'humidity': 100, 'temp_min': 1.79, 'temp_max': 1.79, 'sea_level': 1026.95, 'grnd_level': 1026.62}, 'wind': {'speed': 10.76, 'deg': 99.503}, 'clouds': {'all': 20}, 'dt': 1548111859, 'sys': {'message': 0.0032, 'country': 'GL', 'sunrise': 1548078073, 'sunset': 1548093024}, 'id': 3422683, 'name': 'Kangaatsiaq', 'cod': 200}"
ossora,"{'coord': {'lon': 163.07, 'lat': 59.24}, 'weather': [{'id': 803, 'main': 'Clouds', 'description': 'broken clouds', 'icon': '04n'}], 'base': 'stations', 'main': {'temp': 23.93, 'pressure': 1017.14, 'humidity': 89, 'temp_min': 23.93, 'temp_max': 23.93, 'sea_level': 1029.99, 'grnd_level': 1017.14}, 'wind': {'speed': 8.97, 'deg': 48.503}, 'clouds': {'all': 76}, 'dt': 1548111859, 'sys': {'message': 0.0075, 'country': 'RU', 'sunrise': 1548020372, 'sunset': 1548046756}, 'id': 2122389, 'name': 'Ossora', 'cod': 200}"
albany,"{'coord': {'lon': -73.75, 'lat': 42.65}, 'weather': [{'id': 721, 'main': 'Haze', 'description': 'haze', 'icon': '50n'}], 'base': 'stations', 'main': {'temp': 0.16, 'pressure': 1022, 'humidity': 48, 'temp_min': -2.21, 'temp_max': 3.02}, 'visibility': 16093, 'wind': {'speed': 24.16, 'deg': 310, 'gust': 15.9}, 'clouds': {'all': 75}, 'dt': 1548111120, 'sys': {'type': 1, 'id': 3273, 'message': 0.0035, 'country': 'US', 'sunrise': 1548073102, 'sunset': 1548107708}, 'id': 5106834, 'name': 'Albany', 'cod': 200}"
ahipara,"{'coord': {'lon': 173.16, 'lat': -35.17}, 'weather': [{'id': 802, 'main': 'Clouds', 'description': 'scattered clouds', 'icon': '03n'}], 'base': 'stations', 'main': {'temp': 72.17, 'pressure': 1018.03, 'humidity': 71, 'temp_min': 72.17, 'temp_max': 72.17, 'sea_level': 1031.08, 'grnd_level': 1018.03}, 'wind': {'speed': 13.44, 'deg': 195.503}, 'clouds': {'all': 48}, 'dt': 1548111860, 'sys': {'message': 0.0029, 'country': 'NZ', 'sunrise': 1548005710, 'sunset': 1548056510}, 'id': 2194098, 'name': 'Ahipara', 'cod': 200}"
atuona,"{'coord': {'lon': -139.03, 'lat': -9.8}, 'weather': [{'id': 802, 'main': 'Clouds', 'description': 'scattered clouds', 'icon': '03d'}], 'base': 'stations', 'main': {'temp': 80.81, 'pressure': 1022.9, 'humidity': 100, 'temp_min': 80.81, 'temp_max': 80.81, 'sea_level': 1022.98, 'grnd_level': 1022.9}, 'wind': {'speed': 13.67, 'deg': 78.503}, 'clouds': {'all': 48}, 'dt': 1548111860, 'sys': {'message': 0.0034, 'country': 'PF', 'sunrise': 1548083394, 'sunset': 1548128726}, 'id': 4020109, 'name': 'Atuona', 'cod': 200}"
pangnirtung,"{'coord': {'lon': -65.72, 'lat': 66.15}, 'weather': [{'id': 801, 'main': 'Clouds', 'description': 'few clouds', 'icon': '02n'}], 'base': 'stations', 'main': {'temp': -23.81, 'pressure': 1014, 'humidity': 74, 'temp_min': -23.81, 'temp_max': -23.81}, 'visibility': 24140, 'wind': {'speed': 2.24, 'deg': 260}, 'clouds': {'all': 20}, 'dt': 1548108000, 'sys': {'type': 1, 'id': 968, 'message': 0.0037, 'country': 'CA', 'sunrise': 1548078953, 'sunset': 1548098026}, 'id': 6096551, 'name': 'Pangnirtung', 'cod': 200}"
rockhampton,"{'coord': {'lon': 150.51, 'lat': -23.38}, 'weather': [{'id': 804, 'main': 'Clouds', 'description': 'overcast clouds', 'icon': '04n'}], 'base': 'stations', 'main': {'temp': 80.6, 'pressure': 1015, 'humidity': 69, 'temp_min': 80.6, 'temp_max': 80.6}, 'visibility': 10000, 'wind': {'speed': 10.29, 'deg': 100}, 'clouds': {'all': 90}, 'dt': 1548109800, 'sys': {'type': 1, 'id': 9499, 'message': 0.0027, 'country': 'AU', 'sunrise': 1548012567, 'sunset': 1548060538}, 'id': 2151437, 'name': 'Rockhampton', 'cod': 200}"
kavieng,"{'coord': {'lon': 150.8, 'lat': -2.57}, 'weather': [{'id': 802, 'main': 'Clouds', 'description': 'scattered clouds', 'icon': '03n'}], 'base': 'stations', 'main': {'temp': 83.73, 'pressure': 1021.19, 'humidity': 100, 'temp_min': 83.73, 'temp_max': 83.73, 'sea_level': 1022.29, 'grnd_level': 1021.19}, 'wind': {'speed': 5.5, 'deg': 317.503}, 'clouds': {'all': 48}, 'dt': 1548111860, 'sys': {'message': 0.031, 'country': 'PG', 'sunrise': 1548014451, 'sunset': 1548058529}, 'id': 2094342, 'name': 'Kavieng', 'cod': 200}"
aklavik,"{'coord': {'lon': -135.01, 'lat': 68.22}, 'weather': [{'id': 600, 'main': 'Snow', 'description': 'light snow', 'icon': '13d'}], 'base': 'stations', 'main': {'temp': -15.87, 'pressure': 1022, 'humidity': 68, 'temp_min': -20.21, 'temp_max': -13.01}, 'visibility': 24140, 'wind': {'speed': 4.7, 'deg': 210}, 'clouds': {'all': 75}, 'dt': 1548108000, 'sys': {'type': 1, 'id': 821, 'message': 0.0042, 'country': 'CA', 'sunrise': 1548097478, 'sunset': 1548112770}, 'id': 5882953, 'name': 'Aklavik', 'cod': 200}"
ushuaia,"{'coord': {'lon': -68.31, 'lat': -54.81}, 'weather': [{'id': 802, 'main': 'Clouds', 'description': 'scattered clouds', 'icon': '03d'}], 'base': 'stations', 'main': {'temp': 52.57, 'pressure': 983, 'humidity': 54, 'temp_min': 51.8, 'temp_max': 53.6}, 'visibility': 10000, 'wind': {'speed': 11.41, 'deg': 360}, 'clouds': {'all': 40}, 'dt': 1548108000, 'sys': {'type': 1, 'id': 8303, 'message': 0.0044, 'country': 'AR', 'sunrise': 1548059719, 'sunset': 1548118384}, 'id': 3833367, 'name': 'Ushuaia', 'cod': 200}"
rio grande,"{'coord': {'lon': -52.1, 'lat': -32.03}, 'weather': [{'id': 800, 'main': 'Clear', 'description': 'clear sky', 'icon': '01n'}], 'base': 'stations', 'main': {'temp': 72.17, 'pressure': 1026.71, 'humidity': 90, 'temp_min': 72.17, 'temp_max': 72.17, 'sea_level': 1029.06, 'grnd_level': 1026.71}, 'wind': {'speed': 8.3, 'deg': 76.503}, 'clouds': {'all': 0}, 'dt': 1548111861, 'sys': {'message': 0.0028, 'country': 'BR', 'sunrise': 1548060224, 'sunset': 1548110144}, 'id': 3451138, 'name': 'Rio Grande', 'cod': 200}"
qaanaaq,"{'coord': {'lon': -69.36, 'lat': 77.48}, 'weather': [{'id': 800, 'main': 'Clear', 'description': 'clear sky', 'icon': '01d'}], 'base': 'stations', 'main': {'temp': -18.87, 'pressure': 997.12, 'humidity': 100, 'temp_min': -18.87, 'temp_max': -18.87, 'sea_level': 1032.42, 'grnd_level': 997.12}, 'wind': {'speed': 10.54, 'deg': 94.503}, 'clouds': {'all': 0}, 'dt': 1548111862, 'sys': {'message': 0.0032, 'country': 'GL', 'sunrise': 0, 'sunset': 0}, 'id': 3831208, 'name': 'Qaanaaq', 'cod': 200}"
norman wells,"{'coord': {'lon': -126.83, 'lat': 65.28}, 'weather': [{'id': 802, 'main': 'Clouds', 'description': 'scattered clouds', 'icon': '03d'}], 'base': 'stations', 'main': {'temp': -18.41, 'pressure': 1021, 'humidity': 75, 'temp_min': -18.41, 'temp_max': -18.41}, 'visibility': 48279, 'wind': {'speed': 3.36, 'deg': 180}, 'clouds': {'all': 40}, 'dt': 1548108000, 'sys': {'type': 1, 'id': 951, 'message': 0.0043, 'country': 'CA', 'sunrise': 1548092943, 'sunset': 1548113373}, 'id': 6089245, 'name': 'Norman Wells', 'cod': 200}"
kota kinabalu,"{'coord': {'lon': 116.07, 'lat': 5.98}, 'weather': [{'id': 803, 'main': 'Clouds', 'description': 'broken clouds', 'icon': '04n'}], 'base': 'stations', 'main': {'temp': 77, 'pressure': 1010, 'humidity': 88, 'temp_min': 77, 'temp_max': 77}, 'visibility': 10000, 'wind': {'speed': 4.7, 'deg': 120}, 'clouds': {'all': 75}, 'dt': 1548109800, 'sys': {'type': 1, 'id': 9371, 'message': 0.0153, 'country': 'MY', 'sunrise': 1548023529, 'sunset': 1548066129}, 'id': 1733432, 'name': 'Kota Kinabalu', 'cod': 200}"
kodiak,"{'coord': {'lon': -94.76, 'lat': 39.95}, 'weather': [{'id': 800, 'main': 'Clear', 'description': 'clear sky', 'icon': '01d'}], 'base': 'stations', 'main': {'temp': 25.84, 'pressure': 1012, 'humidity': 58, 'temp_min': 24.44, 'temp_max': 28.04}, 'visibility': 16093, 'wind': {'speed': 12.75, 'deg': 120, 'gust': 10.3}, 'clouds': {'all': 1}, 'dt': 1548110100, 'sys': {'type': 1, 'id': 4022, 'message': 0.0478, 'country': 'US', 'sunrise': 1548077725, 'sunset': 1548113170}, 'id': 4407665, 'name': 'Kodiak', 'cod': 200}"
broome,"{'coord': {'lon': 1.45, 'lat': 52.47}, 'weather': [{'id': 721, 'main': 'Haze', 'description': 'haze', 'icon': '50n'}], 'base': 'stations', 'main': {'temp': 36.64, 'pressure': 1011, 'humidity': 93, 'temp_min': 35.6, 'temp_max': 37.58}, 'visibility': 9000, 'wind': {'speed': 10.29, 'deg': 180}, 'clouds': {'all': 80}, 'dt': 1548109200, 'sys': {'type': 1, 'id': 1467, 'message': 0.0034, 'country': 'GB', 'sunrise': 1548057025, 'sunset': 1548087690}, 'id': 2656067, 'name': 'Broome', 'cod': 200}"
nanortalik,"{'coord': {'lon': -45.24, 'lat': 60.14}, 'weather': [{'id': 803, 'main': 'Clouds', 'description': 'broken clouds', 'icon': '04n'}], 'base': 'stations', 'main': {'temp': 22.22, 'pressure': 1008.15, 'humidity': 100, 'temp_min': 22.22, 'temp_max': 22.22, 'sea_level': 1020.55, 'grnd_level': 1008.15}, 'wind': {'speed': 22.73, 'deg': 304.003}, 'clouds': {'all': 76}, 'dt': 1548111863, 'sys': {'message': 0.0036, 'country': 'GL', 'sunrise': 1548070663, 'sunset': 1548096475}, 'id': 3421765, 'name': 'Nanortalik', 'cod': 200}"
bluff,"{'coord': {'lon': 149.07, 'lat': -23.58}, 'weather': [{'id': 500, 'main': 'Rain', 'description': 'light rain', 'icon': '10n'}], 'base': 'stations', 'main': {'temp': 79.46, 'pressure': 1005.71, 'humidity': 68, 'temp_min': 79.46, 'temp_max': 79.46, 'sea_level': 1028.33, 'grnd_level': 1005.71}, 'wind': {'speed': 11.54, 'deg': 97.003}, 'rain': {'3h': 0.105}, 'clouds': {'all': 64}, 'dt': 1548111863, 'sys': {'message': 0.0028, 'country': 'AU', 'sunrise': 1548012892, 'sunset': 1548060905}, 'id': 2175403, 'name': 'Bluff', 'cod': 200}"
arraial do cabo,"{'coord': {'lon': -42.02, 'lat': -22.97}, 'weather': [{'id': 211, 'main': 'Thunderstorm', 'description': 'thunderstorm', 'icon': '11n'}], 'base': 'stations', 'main': {'temp': 80.6, 'pressure': 1012, 'humidity': 65, 'temp_min': 80.6, 'temp_max': 80.6}, 'visibility': 10000, 'wind': {'speed': 14.99, 'deg': 70}, 'clouds': {'all': 20}, 'dt': 1548108000, 'sys': {'type': 1, 'id': 8343, 'message': 0.0042, 'country': 'BR', 'sunrise': 1548058841, 'sunset': 1548106697}, 'id': 3471451, 'name': 'Arraial do Cabo', 'cod': 200}"
thisted,"{'coord': {'lon': 8.68, 'lat': 56.96}, 'weather': [{'id': 803, 'main': 'Clouds', 'description': 'broken clouds', 'icon': '04n'}], 'base': 'stations', 'main': {'temp': 36.26, 'pressure': 1023.22, 'humidity': 99, 'temp_min': 36.26, 'temp_max': 36.26, 'sea_level': 1023.91, 'grnd_level': 1023.22}, 'wind': {'speed': 3.27, 'deg': 160.003}, 'clouds': {'all': 56}, 'dt': 1548111864, 'sys': {'message': 0.004, 'country': 'DK', 'sunrise': 1548056570, 'sunset': 1548084677}, 'id': 2611755, 'name': 'Thisted', 'cod': 200}"
walvis bay,"{'coord': {'lon': 14.51, 'lat': -22.95}, 'weather': [{'id': 800, 'main': 'Clear', 'description': 'clear sky', 'icon': '01n'}], 'base': 'stations', 'main': {'temp': 62.6, 'pressure': 1016, 'humidity': 82, 'temp_min': 62.6, 'temp_max': 62.6}, 'wind': {'speed': 4.7, 'deg': 260}, 'clouds': {'all': 0}, 'dt': 1548108000, 'sys': {'type': 1, 'id': 2288, 'message': 0.0035, 'country': 'NA', 'sunrise': 1548045269, 'sunset': 1548093129}, 'id': 3359638, 'name': 'Walvis Bay', 'cod': 200}"
bucerias,"{'coord': {'lon': -105.33, 'lat': 20.76}, 'weather': [{'id': 801, 'main': 'Clouds', 'description': 'few clouds', 'icon': '02d'}], 'base': 'stations', 'main': {'temp': 78.8, 'pressure': 1012, 'humidity': 83, 'temp_min': 78.8, 'temp_max': 78.8}, 'visibility': 24140, 'wind': {'speed': 11.41, 'deg': 230}, 'clouds': {'all': 20}, 'dt': 1548107160, 'sys': {'type': 1, 'id': 7156, 'message': 0.0054, 'country': 'MX', 'sunrise': 1548078010, 'sunset': 1548117948}, 'id': 4016734, 'name': 'Bucerias', 'cod': 200}"
waterbury,"{'coord': {'lon': -73.05, 'lat': 41.56}, 'weather': [{'id': 801, 'main': 'Clouds', 'description': 'few clouds', 'icon': '02n'}], 'base': 'stations', 'main': {'temp': 9.99, 'pressure': 1018, 'humidity': 51, 'temp_min': 3.92, 'temp_max': 15.08}, 'visibility': 16093, 'wind': {'speed': 24.16, 'deg': 310, 'gust': 17}, 'clouds': {'all': 20}, 'dt': 1548111180, 'sys': {'type': 1, 'id': 4931, 'message': 0.005, 'country': 'US', 'sunrise': 1548072761, 'sunset': 1548107712}, 'id': 4845193, 'name': 'Waterbury', 'cod': 200}"
kaitangata,"{'coord': {'lon': 169.85, 'lat': -46.28}, 'weather': [{'id': 801, 'main': 'Clouds', 'description': 'few clouds', 'icon': '02n'}], 'base': 'stations', 'main': {'temp': 67.94, 'pressure': 997.61, 'humidity': 68, 'temp_min': 67.94, 'temp_max': 67.94, 'sea_level': 1014.18, 'grnd_level': 997.61}, 'wind': {'speed': 26.31, 'deg': 284.503}, 'clouds': {'all': 20}, 'dt': 1548111865, 'sys': {'message': 0.0124, 'country': 'NZ', 'sunrise': 1548004652, 'sunset': 1548059139}, 'id': 2208248, 'name': 'Kaitangata', 'cod': 200}"
bathsheba,"{'coord': {'lon': -59.52, 'lat': 13.22}, 'weather': [{'id': 803, 'main': 'Clouds', 'description': 'broken clouds', 'icon': '04n'}], 'base': 'stations', 'main': {'temp': 78.8, 'pressure': 1016, 'humidity': 78, 'temp_min': 78.8, 'temp_max': 78.8}, 'visibility': 10000, 'wind': {'speed': 14.99, 'deg': 90}, 'clouds': {'all': 75}, 'dt': 1548108000, 'sys': {'type': 1, 'id': 8772, 'message': 0.0222, 'country': 'BB', 'sunrise': 1548066312, 'sunset': 1548107649}, 'id': 3374083, 'name': 'Bathsheba', 'cod': 200}"
vigrestad,"{'coord': {'lon': 5.7, 'lat': 58.57}, 'weather': [{'id': 802, 'main': 'Clouds', 'description': 'scattered clouds', 'icon': '03n'}], 'base': 'stations', 'main': {'temp': 35.6, 'pressure': 1009, 'humidity': 74, 'temp_min': 35.6, 'temp_max': 35.6}, 'visibility': 10000, 'wind': {'speed': 10.29, 'deg': 130}, 'clouds': {'all': 40}, 'dt': 1548109200, 'sys': {'type': 1, 'id': 1680, 'message': 0.0038, 'country': 'NO', 'sunrise': 1548057842, 'sunset': 1548084838}, 'id': 3131824, 'name': 'Vigrestad', 'cod': 200}"
thompson,"{'coord': {'lon': -97.86, 'lat': 55.74}, 'weather': [{'id': 600, 'main': 'Snow', 'description': 'light snow', 'icon': '13d'}], 'base': 'stations', 'main': {'temp': 5, 'pressure': 1011, 'humidity': 71, 'temp_min': 5, 'temp_max': 5}, 'visibility': 8047, 'wind': {'speed': 8.05, 'deg': 280}, 'clouds': {'all': 90}, 'dt': 1548108000, 'sys': {'type': 1, 'id': 935, 'message': 0.0036, 'country': 'CA', 'sunrise': 1548081731, 'sunset': 1548110665}, 'id': 6165406, 'name': 'Thompson', 'cod': 200}"
kamaishi,"{'coord': {'lon': 141.86, 'lat': 39.28}, 'weather': [{'id': 801, 'main': 'Clouds', 'description': 'few clouds', 'icon': '02n'}], 'base': 'stations', 'main': {'temp': 33.83, 'pressure': 998.91, 'humidity': 70, 'temp_min': 33.83, 'temp_max': 33.83, 'sea_level': 1022.57, 'grnd_level': 998.91}, 'wind': {'speed': 8.75, 'deg': 292.503}, 'clouds': {'all': 12}, 'dt': 1548111867, 'sys': {'message': 0.0044, 'country': 'JP', 'sunrise': 1548020861, 'sunset': 1548056433}, 'id': 2112444, 'name': 'Kamaishi', 'cod': 200}"
rawson,"{'coord': {'lon': -65.11, 'lat': -43.3}, 'weather': [{'id': 800, 'main': 'Clear', 'description': 'clear sky', 'icon': '01d'}], 'base': 'stations', 'main': {'temp': 76.35, 'pressure': 1003.69, 'humidity': 20, 'temp_min': 76.35, 'temp_max': 76.35, 'sea_level': 1014.51, 'grnd_level': 1003.69}, 'wind': {'speed': 4.16, 'deg': 291.003}, 'clouds': {'all': 0}, 'dt': 1548111867, 'sys': {'message': 0.0038, 'country': 'AR', 'sunrise': 1548061667, 'sunset': 1548114932}, 'id': 3839307, 'name': 'Rawson', 'cod': 200}"
yellowknife,"{'coord': {'lon': -114.38, 'lat': 62.45}, 'weather': [{'id': 803, 'main': 'Clouds', 'description': 'broken clouds', 'icon': '04d'}], 'base': 'stations', 'main': {'temp': -2.21, 'pressure': 1016, 'humidity': 70, 'temp_min': -2.21, 'temp_max': -2.21}, 'visibility': 24140, 'wind': {'speed': 4.7, 'deg': 310}, 'clouds': {'all': 75}, 'dt': 1548108000, 'sys': {'type': 1, 'id': 1007, 'message': 0.0032, 'country': 'CA', 'sunrise': 1548088287, 'sunset': 1548112047}, 'id': 6185377, 'name': 'Yellowknife', 'cod': 200}"
fort nelson,"{'coord': {'lon': -122.69, 'lat': 58.81}, 'weather': [{'id': 600, 'main': 'Snow', 'description': 'light snow', 'icon': '13d'}], 'base': 'stations', 'main': {'temp': 8.6, 'pressure': 1016, 'humidity': 84, 'temp_min': 8.6, 'temp_max': 8.6}, 'visibility': 8047, 'wind': {'speed': 3.36, 'deg': 110}, 'clouds': {'all': 75}, 'dt': 1548108000, 'sys': {'type': 1, 'id': 986, 'message': 0.0034, 'country': 'CA', 'sunrise': 1548088706, 'sunset': 1548115613}, 'id': 5955902, 'name': 'Fort Nelson', 'cod': 200}"
doha,"{'coord': {'lon': 51.53, 'lat': 25.29}, 'weather': [{'id': 721, 'main': 'Haze', 'description': 'haze', 'icon': '50n'}], 'base': 'stations', 'main': {'temp': 55.04, 'pressure': 1018, 'humidity': 71, 'temp_min': 51.26, 'temp_max': 57.2}, 'visibility': 10000, 'wind': {'speed': 6.93, 'deg': 310}, 'clouds': {'all': 0}, 'dt': 1548109800, 'sys': {'type': 1, 'id': 7614, 'message': 0.0031, 'country': 'QA', 'sunrise': 1548040824, 'sunset': 1548079829}, 'id': 290030, 'name': 'Doha', 'cod': 200}"
wilmington,"{'coord': {'lon': -75.55, 'lat': 39.75}, 'weather': [{'id': 800, 'main': 'Clear', 'description': 'clear sky', 'icon': '01n'}], 'base': 'stations', 'main': {'temp': 17.11, 'pressure': 1026, 'humidity': 33, 'temp_min': 14, 'temp_max': 19.22}, 'visibility': 16093, 'wind': {'speed': 10.29, 'deg': 290, 'gust': 10.3}, 'clouds': {'all': 1}, 'dt': 1548110100, 'sys': {'type': 1, 'id': 4743, 'message': 0.004, 'country': 'US', 'sunrise': 1548073087, 'sunset': 1548108585}, 'id': 4145381, 'name': 'Wilmington', 'cod': 200}"
shu,"{'coord': {'lon': 73.76, 'lat': 43.6}, 'weather': [{'id': 801, 'main': 'Clouds', 'description': 'few clouds', 'icon': '02n'}], 'base': 'stations', 'main': {'temp': 20.51, 'pressure': 977.83, 'humidity': 70, 'temp_min': 20.51, 'temp_max': 20.51, 'sea_level': 1043.16, 'grnd_level': 977.83}, 'wind': {'speed': 5.06, 'deg': 46.503}, 'clouds': {'all': 12}, 'dt': 1548111868, 'sys': {'message': 0.0029, 'country': 'KZ', 'sunrise': 1548037875, 'sunset': 1548072117}, 'id': 1519030, 'name': 'Shu', 'cod': 200}"
vestmannaeyjar,"{'coord': {'lon': -20.27, 'lat': 63.44}, 'weather': [{'id': 804, 'main': 'Clouds', 'description': 'overcast clouds', 'icon': '04n'}], 'base': 'stations', 'main': {'temp': 30.81, 'pressure': 986.18, 'humidity': 100, 'temp_min': 30.81, 'temp_max': 30.81, 'sea_level': 992.29, 'grnd_level': 986.18}, 'wind': {'speed': 3.94, 'deg': 270.003}, 'clouds': {'all': 88}, 'dt': 1548111868, 'sys': {'message': 0.0045, 'country': 'IS', 'sunrise': 1548066268, 'sunset': 1548088887}, 'id': 3412093, 'name': 'Vestmannaeyjar', 'cod': 200}"
hermanus,"{'coord': {'lon': 19.24, 'lat': -34.42}, 'weather': [{'id': 801, 'main': 'Clouds', 'description': 'few clouds', 'icon': '02n'}], 'base': 'stations', 'main': {'temp': 53.81, 'pressure': 988.37, 'humidity': 95, 'temp_min': 53.81, 'temp_max': 53.81, 'sea_level': 1027.96, 'grnd_level': 988.37}, 'wind': {'speed': 3.15, 'deg': 307.503}, 'clouds': {'all': 24}, 'dt': 1548111868, 'sys': {'message': 0.0032, 'country': 'ZA', 'sunrise': 1548042780, 'sunset': 1548093337}, 'id': 3366880, 'name': 'Hermanus', 'cod': 200}"
gornopravdinsk,"{'coord': {'lon': 69.92, 'lat': 60.06}, 'weather': [{'id': 803, 'main': 'Clouds', 'description': 'broken clouds', 'icon': '04n'}], 'base': 'stations', 'main': {'temp': 13.31, 'pressure': 1015.44, 'humidity': 82, 'temp_min': 13.31, 'temp_max': 13.31, 'sea_level': 1024.92, 'grnd_level': 1015.44}, 'wind': {'speed': 8.52, 'deg': 212.003}, 'clouds': {'all': 80}, 'dt': 1548111869, 'sys': {'message': 0.0029, 'country': 'RU', 'sunrise': 1548043028, 'sunset': 1548068822}, 'id': 1506268, 'name': 'Gornopravdinsk', 'cod': 200}"
tazovskiy,"{'coord': {'lon': 78.7, 'lat': 67.47}, 'weather': [{'id': 803, 'main': 'Clouds', 'description': 'broken clouds', 'icon': '04n'}], 'base': 'stations', 'main': {'temp': 4.22, 'pressure': 1012.69, 'humidity': 79, 'temp_min': 4.22, 'temp_max': 4.22, 'sea_level': 1016.57, 'grnd_level': 1012.69}, 'wind': {'speed': 20.27, 'deg': 130.503}, 'clouds': {'all': 68}, 'dt': 1548111869, 'sys': {'message': 0.0067, 'country': 'RU', 'sunrise': 1548045547, 'sunset': 1548062099}, 'id': 1489853, 'name': 'Tazovskiy', 'cod': 200}"
buluang,"{'coord': {'lon': 123.98, 'lat': 10.47}, 'weather': [{'id': 804, 'main': 'Clouds', 'description': 'overcast clouds', 'icon': '04n'}], 'base': 'stations', 'main': {'temp': 77, 'pressure': 1009, 'humidity': 88, 'temp_min': 77, 'temp_max': 77}, 'visibility': 10000, 'wind': {'speed': 2.24, 'deg': 250}, 'clouds': {'all': 90}, 'dt': 1548108000, 'sys': {'type': 1, 'id': 8187, 'message': 0.0033, 'country': 'PH', 'sunrise': 1548022025, 'sunset': 1548063838}, 'id': 1717512, 'name': 'Buluang', 'cod': 200}"
porto murtinho,"{'coord': {'lon': -57.88, 'lat': -21.7}, 'weather': [{'id': 800, 'main': 'Clear', 'description': 'clear sky', 'icon': '02n'}], 'base': 'stations', 'main': {'temp': 84, 'pressure': 1004.09, 'humidity': 63, 'temp_min': 84, 'temp_max': 84, 'sea_level': 1024.72, 'grnd_level': 1004.09}, 'wind': {'speed': 5.95, 'deg': 73.003}, 'clouds': {'all': 8}, 'dt': 1548111870, 'sys': {'message': 0.003, 'country': 'BR', 'sunrise': 1548062781, 'sunset': 1548110372}, 'id': 3452712, 'name': 'Porto Murtinho', 'cod': 200}"
cape town,"{'coord': {'lon': 18.42, 'lat': -33.93}, 'weather': [{'id': 803, 'main': 'Clouds', 'description': 'broken clouds', 'icon': '04n'}], 'base': 'stations', 'main': {'temp': 66.2, 'pressure': 1015, 'humidity': 82, 'temp_min': 66.2, 'temp_max': 66.2}, 'visibility': 10000, 'wind': {'speed': 5.82, 'deg': 360}, 'clouds': {'all': 75}, 'dt': 1548108000, 'sys': {'type': 1, 'id': 1899, 'message': 0.0035, 'country': 'ZA', 'sunrise': 1548043042, 'sunset': 1548093468}, 'id': 3369157, 'name': 'Cape Town', 'cod': 200}"
muyezerskiy,"{'coord': {'lon': 31.65, 'lat': 63.93}, 'weather': [{'id': 802, 'main': 'Clouds', 'description': 'scattered clouds', 'icon': '03n'}], 'base': 'stations', 'main': {'temp': 2.42, 'pressure': 997.45, 'humidity': 85, 'temp_min': 2.42, 'temp_max': 2.42, 'sea_level': 1022.09, 'grnd_level': 997.45}, 'wind': {'speed': 6.17, 'deg': 272.003}, 'clouds': {'all': 48}, 'dt': 1548111870, 'sys': {'message': 0.0039, 'country': 'RU', 'sunrise': 1548054113, 'sunset': 1548076115}, 'id': 524100, 'name': 'Muyezerskiy', 'cod': 200}"
bati,"{'coord': {'lon': 40.02, 'lat': 11.19}, 'weather': [{'id': 800, 'main': 'Clear', 'description': 'clear sky', 'icon': '01n'}], 'base': 'stations', 'main': {'temp': 53.63, 'pressure': 914.12, 'humidity': 81, 'temp_min': 53.63, 'temp_max': 53.63, 'sea_level': 1027.03, 'grnd_level': 914.12}, 'wind': {'speed': 1.59, 'deg': 140.003}, 'clouds': {'all': 0}, 'dt': 1548111871, 'sys': {'message': 0.0039, 'country': 'ET', 'sunrise': 1548042240, 'sunset': 1548083931}, 'id': 342641, 'name': 'Bati', 'cod': 200}"
auki,"{'coord': {'lon': 6.51, 'lat': 12.18}, 'weather': [{'id': 800, 'main': 'Clear', 'description': 'clear sky', 'icon': '01n'}], 'base': 'stations', 'main': {'temp': 63.66, 'pressure': 969.48, 'humidity': 59, 'temp_min': 63.66, 'temp_max': 63.66, 'sea_level': 1025.29, 'grnd_level': 969.48}, 'wind': {'speed': 2.82, 'deg': 5.00302}, 'clouds': {'all': 0}, 'dt': 1548111871, 'sys': {'message': 0.0027, 'country': 'NG', 'sunrise': 1548050371, 'sunset': 1548091889}, 'id': 2339937, 'name': 'Auki', 'cod': 200}"
